{
  "Buscar Voos" : {
    "transaction" : "Buscar Voos",
    "sampleCount" : 306,
    "errorCount" : 0,
    "errorPct" : 0.0,
    "meanResTime" : 505.2745098039218,
    "medianResTime" : 432.0,
    "minResTime" : 248.0,
    "maxResTime" : 1740.0,
    "pct1ResTime" : 860.6000000000005,
    "pct2ResTime" : 1067.9499999999994,
    "pct3ResTime" : 1433.3800000000006,
    "throughput" : 5.188727235731,
    "receivedKBytesPerSec" : 36.71132485290128,
    "sentKBytesPerSec" : 1.1198327334927256
  },
  "Total" : {
    "transaction" : "Total",
    "sampleCount" : 1244,
    "errorCount" : 2,
    "errorPct" : 0.1607717,
    "meanResTime" : 536.0321543408361,
    "medianResTime" : 430.5,
    "minResTime" : 230.0,
    "maxResTime" : 3907.0,
    "pct1ResTime" : 935.0,
    "pct2ResTime" : 1185.0,
    "pct3ResTime" : 2198.7999999999984,
    "throughput" : 20.04576364046537,
    "receivedKBytesPerSec" : 122.28980223138032,
    "sentKBytesPerSec" : 4.910602782880531
  },
  "Comprar Passagem" : {
    "transaction" : "Comprar Passagem",
    "sampleCount" : 300,
    "errorCount" : 2,
    "errorPct" : 0.6666667,
    "meanResTime" : 503.82666666666677,
    "medianResTime" : 426.5,
    "minResTime" : 230.0,
    "maxResTime" : 2529.0,
    "pct1ResTime" : 829.9000000000001,
    "pct2ResTime" : 1054.3999999999999,
    "pct3ResTime" : 1946.3200000000015,
    "throughput" : 5.09571450410205,
    "receivedKBytesPerSec" : 28.762919759482276,
    "sentKBytesPerSec" : 1.9168644794727634
  },
  "Home" : {
    "transaction" : "Home",
    "sampleCount" : 314,
    "errorCount" : 0,
    "errorPct" : 0.0,
    "meanResTime" : 550.3949044585983,
    "medianResTime" : 431.5,
    "minResTime" : 241.0,
    "maxResTime" : 2481.0,
    "pct1ResTime" : 942.0,
    "pct2ResTime" : 1305.75,
    "pct3ResTime" : 2338.750000000003,
    "throughput" : 5.11234125691957,
    "receivedKBytesPerSec" : 23.749421249185932,
    "sentKBytesPerSec" : 0.5941099702865515
  },
  "Escolher Voo" : {
    "transaction" : "Escolher Voo",
    "sampleCount" : 304,
    "errorCount" : 0,
    "errorPct" : 0.0,
    "meanResTime" : 523.1842105263163,
    "medianResTime" : 424.0,
    "minResTime" : 234.0,
    "maxResTime" : 2461.0,
    "pct1ResTime" : 963.5,
    "pct2ResTime" : 1116.0,
    "pct3ResTime" : 2212.8499999999995,
    "throughput" : 5.023796932839768,
    "receivedKBytesPerSec" : 32.96376132006875,
    "sentKBytesPerSec" : 1.3148218535166578
  },
  "Compra de passagem aérea - fluxo completo" : {
    "transaction" : "Compra de passagem aérea - fluxo completo",
    "sampleCount" : 314,
    "errorCount" : 2,
    "errorPct" : 0.6369427,
    "meanResTime" : 2030.7006369426733,
    "medianResTime" : 1863.5,
    "minResTime" : 319.0,
    "maxResTime" : 5006.0,
    "pct1ResTime" : 3030.5,
    "pct2ResTime" : 3441.5,
    "pct3ResTime" : 3824.7000000000044,
    "throughput" : 5.0561164517012065,
    "receivedKBytesPerSec" : 117.7361097692543,
    "sentKBytesPerSec" : 4.7492925059981
  }
}