{
  "Buscar Voos" : {
    "transaction" : "Buscar Voos",
    "sampleCount" : 1292,
    "errorCount" : 0,
    "errorPct" : 0.0,
    "meanResTime" : 1204.3281733746146,
    "medianResTime" : 498.0,
    "minResTime" : 231.0,
    "maxResTime" : 7987.0,
    "pct1ResTime" : 3764.7000000000025,
    "pct2ResTime" : 4572.799999999997,
    "pct3ResTime" : 7176.549999999996,
    "throughput" : 35.50523509851879,
    "receivedKBytesPerSec" : 251.20647293825056,
    "sentKBytesPerSec" : 7.662750934348291
  },
  "Total" : {
    "transaction" : "Total",
    "sampleCount" : 5259,
    "errorCount" : 0,
    "errorPct" : 0.0,
    "meanResTime" : 1370.35386955695,
    "medianResTime" : 522.0,
    "minResTime" : 227.0,
    "maxResTime" : 16297.0,
    "pct1ResTime" : 3936.0,
    "pct2ResTime" : 5680.0,
    "pct3ResTime" : 8156.799999999983,
    "throughput" : 141.2418757050008,
    "receivedKBytesPerSec" : 891.1785095611538,
    "sentKBytesPerSec" : 35.06471529717462
  },
  "Comprar Passagem" : {
    "transaction" : "Comprar Passagem",
    "sampleCount" : 1188,
    "errorCount" : 0,
    "errorPct" : 0.0,
    "meanResTime" : 1167.2390572390575,
    "medianResTime" : 469.5,
    "minResTime" : 231.0,
    "maxResTime" : 7686.0,
    "pct1ResTime" : 3590.4000000000005,
    "pct2ResTime" : 4873.949999999997,
    "pct3ResTime" : 6709.799999999992,
    "throughput" : 33.28476969629048,
    "receivedKBytesPerSec" : 187.87692269976466,
    "sentKBytesPerSec" : 12.449283978202399
  },
  "Home" : {
    "transaction" : "Home",
    "sampleCount" : 1338,
    "errorCount" : 0,
    "errorPct" : 0.0,
    "meanResTime" : 1144.5754857997,
    "medianResTime" : 524.5,
    "minResTime" : 227.0,
    "maxResTime" : 7973.0,
    "pct1ResTime" : 3409.7000000000007,
    "pct2ResTime" : 4258.749999999998,
    "pct3ResTime" : 7064.7299999999905,
    "throughput" : 36.688694507664046,
    "receivedKBytesPerSec" : 170.43761696577914,
    "sentKBytesPerSec" : 4.2636275843867395
  },
  "Escolher Voo" : {
    "transaction" : "Escolher Voo",
    "sampleCount" : 1241,
    "errorCount" : 0,
    "errorPct" : 0.0,
    "meanResTime" : 1212.742143432715,
    "medianResTime" : 488.0,
    "minResTime" : 229.0,
    "maxResTime" : 7693.0,
    "pct1ResTime" : 3720.7999999999997,
    "pct2ResTime" : 4890.099999999998,
    "pct3ResTime" : 7260.5999999999985,
    "throughput" : 34.41390976401098,
    "receivedKBytesPerSec" : 225.80767549256814,
    "sentKBytesPerSec" : 9.00676544604975
  },
  "Compra de passagem aérea - fluxo completo" : {
    "transaction" : "Compra de passagem aérea - fluxo completo",
    "sampleCount" : 1338,
    "errorCount" : 0,
    "errorPct" : 0.0,
    "meanResTime" : 4468.721973094162,
    "medianResTime" : 3954.5,
    "minResTime" : 260.0,
    "maxResTime" : 18183.0,
    "pct1ResTime" : 8423.900000000003,
    "pct2ResTime" : 9916.049999999997,
    "pct3ResTime" : 13045.22,
    "throughput" : 35.85593311180191,
    "receivedKBytesPerSec" : 809.4489095243997,
    "sentKBytesPerSec" : 32.25058662838997
  }
}